user_id,email,password
fe878ccf-aba7-4b16-8b5f-847f7db6e0ad,joe.rogan@example.com,pbkdf2:sha256:600000$iDQxyxnN7R9IxYsk$9ce74a1aaa623541ec7f4e01d6697086765b4d2e8c499cff2f190d9d763d456e
39eab94a-b6f7-40e1-81d7-9be14b7c867d,neil.tyson@example.com,pbkdf2:sha256:600000$YJhYtD7XJgVCGihi$7fa60a8517ef4ecfdb97e3f1baf9bb1e69e9c832e892ae5930767f3292cdc429
98806cda-663d-4b4c-8d72-7a1d28ed4f58,quentin.tarantino@example.com,pbkdf2:sha256:600000$PnlQTDwK3lXqijtO$2e560176cfb855bcaca5f8942c0f9ab12ab0612581227509e3f87f4f7cdef998
45d4a39e-a9a3-4c27-955a-6d056324c6fd,jordan.peterson@example.com,pbkdf2:sha256:600000$W8Xwmx2fSPinvO1Y$156cad1ec58be5d6f7bfb4b75e54b9e29ab01b04c0e9cd73eff780122dcf34f9
6c1b8973-5ebd-4407-8817-02945bcfa561,jeff.bezos@example.com,pbkdf2:sha256:600000$8wWCceY5HHpHBibp$18a4662ad7b9e7d6f43294526ba8945450518b00f0168b015cb271acd7d6a361
8bdce8ab-41e9-49db-a3f5-5cbacd5f60d0,jk.rowling@example.com,pbkdf2:sha256:600000$lj6IUdLhnnP86cf3$6d90024642fd86017986ea257b2e2f2ae3fcd6fe384cfb61ad5fd226447ba48b
c58998de-48a9-4f9a-9e7a-2ec430fe6e09,jeff.goldblum@example.com,pbkdf2:sha256:600000$YaVViSgH6bJDG1KF$31174703eb1a9a8681e5236aee1dc25dcf256aae72cd30f51dc2288516348c5b
aeeb7c42-d2d5-4e4e-8ed3-af313f5d6358,david.attenborough@example.com,pbkdf2:sha256:600000$TEigFV4zUBe7BLRk$57eec872aed815c75b8bbb8f11d68a91bce25f5fa26ebf4714f5616384257a97
ff52c318-95e0-4f1f-89cc-62551c814a83,emma.watson@example.com,pbkdf2:sha256:600000$YcHvrtcw0WsiusAQ$69c74ff6e714ab681d93191ba305d2630871df9e47d9e252b1dd9a8a8c3027c0
16f033ca-2b2c-4745-a537-82999209774c,steve.wozniak@example.com,pbkdf2:sha256:600000$JjxhyzXNu4UuJYe8$1dfdc45c0bff616162f83f0c79c1456dac33eaedbeafabafcc2dda8079b39c37
7d6e67f2-5c64-4175-8330-a0d1b2b9c45f,stephen.hawking@example.com,pbkdf2:sha256:600000$4sbLo40NMqilFhus$d0a44f3170eafeb32de3011c94fc3f912c64ef2b8e8525644b276b68bff0b755
b4dfd93d-a9e0-4bf8-8685-735dbde17ff7,elon.musk@example.com,pbkdf2:sha256:600000$wZGziitXWdz1Pdjs$d96b1021a1726406f3612a0a9a791b568249811691350344ea9bd9a5a2e16b33
a0a79e14-2ea9-4924-a992-6d5e1d7ad0ab,james.cameron@example.com,pbkdf2:sha256:600000$KBnLdYjXbhzmNhg6$316c926ad52dc0e35a5c1f1561e65d3f98893075162e10945e51fb9ebeea1ae5
1be6b6df-d5f3-4d82-9e15-c3a8c78607dd,pope.francis@example.com,pbkdf2:sha256:600000$zdCT4R7iMKWawuk0$0c9cd2aa61151cbd6c4d76e4cc2b8aa312fef11d1f2eab7f8dac494191f961b3
86eb2b6c-1771-4533-9bd8-fca4f83fe61a,bill.gates@example.com,pbkdf2:sha256:600000$LKQkRQ9XlJgH5tmd$a16817a9463ded682830ae8aad390deb86ef37504a3e8e70668956172cb53f5d
9c89c702-6c61-49c8-9f0c-47b8e4e84e4b,marie.kondo@example.com,pbkdf2:sha256:600000$FA56F8YcepmA3QU8$844b11aaeae840f18fa0645e9b07019ed5baa6e322d35ba58420122c945ab99d
2d10e93b-163f-40f0-9b77-1de15e2b5d0c,richard.branson@example.com,pbkdf2:sha256:600000$1ZPGmRiGkZYKYJRh$bfda42c2ff423f4c62431ccea63a6af4a839832bb927ec0be85cff0e930d2385
642932c8-63fe-4f06-91c9-0e7e6d8b0756,barack.obama@example.com,pbkdf2:sha256:600000$E72kMG8bVGfJ46TM$0a9a7c5b17cc69b7ae0cbfb8e76d300fab23e3acfcce34c6de1a417eac5f5344
84a8f453-80f4-408f-b692-01bfcfeb7b10,morgan.freeman@example.com,pbkdf2:sha256:600000$qKKLmjcb1Q9pEJkP$0ef3428c90ade4f452b199460d2c9553ec4194a60da469baa24618cabcdb11fc
20bb3797-b82c-4a7b-b3e5-c726ce2a19cd,oprah.winfrey@example.com,pbkdf2:sha256:600000$oJBxqZC4sSCPH2Yt$986ef035bab4a665d02e55072a56f3e989c51c3650f614b720c7c48f5d53fe17
